all_real0,all_word0,all_char0,all_markov0,all_subword0,all_real1,all_word1,all_char1,all_markov1,all_subword2,all_real2,all_word2,all_char2,all_markov2,all_subword2,all_real3,all_word3,all_char3,all_markov3,all_subword3,gaming_real0,gaming_word0,gaming_char0,gaming_markov0,gaming_subword0,gaming_real1,gaming_word1,gaming_char1,gaming_markov1,gaming_subword1,gaming_real2,gaming_word2,gaming_char2,gaming_markov2,gaming_subword2,gaming_real3,gaming_word3,gaming_char3,gaming_markov3,gaming_subword3,music_real0,music_word0,music_char0,music_markov0,music_subword0,music_real1,music_word1,music_char1,music_markov1,music_subword1,music_real2,music_word2,music_char2,music_markov2,music_subword2,music_real3,music_word3,music_char3,music_markov3,music_subword3,news_real0,news_word0,news_char0,news_markov0,news_subword0,news_real1,news_word1,news_char1,news_markov1,news_subword1,news_real2,news_word2,news_char2,news_markov2,news_subword2,news_real3,news_word3,news_char3,news_markov3,news_subword3
"'I kill cause I'm hungry'...Dude, eat a Snickers :D",Y people are hungry in this world people children are homeless needing food .,"IMITTTT DING AT HIM COME THIS COWER AS GONNA BEASTAIDS EATEST AND AMEREDID YOU'RE THAT IT SOMETHING! This is the trailer to story thing I'm gonna come a funny, and he did a lot and laugh and we are go",If you think the screaming ( ) &nbsp; ( ) &nbsp; ( )( ) &nbsp; ( ( thats fucking love TS!!!,"hella cocky, https://soundcloud.com/private-associate-group","Why they thought showing an unfinished Gerald in a screen test would excite... I will never know. But Cavill absolutely nails it in the show, there was always a smile on my face whenever he came on screen.",I love the image of Cavill as Superman - it looks terrible hahahaha,It suggesting crop to a closet hahahaha,I would tell me share it with all in hollywood that rt now its trying to replacing that thing pretty homo skulking over each computer program Joe Rogan.,"voice, maybe its use for my skincare... I use the it cosmetics cc cream.... I feel the exact same way as you when it comes to makeup! Not my thing at all!","It's sad we live in the world where people make lots of money being losers with cameras, selling pictures with dumb stories for idiots to read.","T H KA HAVE .. \ nNobody died , stop with your Soros funded Vigil's and paid crisis actors !",I'm really watching this song in this guy,"I'll just like a.good rock and my life. Science supports systemic racism &nbsp; Anyone has the field,tell the board.. lol",falling enough the thumb pic for this vid was taken at John Travolta's sons funeral.,DOOOOOOOOTTT!!!!!!!,F GET THE SECRET TO LIFE,I love this video for the time the drugss us up you call on youtubers easy scene right in the individams generation so this is an under my channel they losing their sisters for the worst like they're a,A DOTHRAKIII HORDE NED!! ON 8MILL,"You are the best. You are the champion.Miracle- I am low, and I feel bad. Trump train!and have just have from Corporate come in & bully the guy making fries & see who stands up.from Brat, yea.","Man, this game actually makes me feel bad for robbing people. 😅",Spoiler for Red Dead Redemption 1* &nbsp; This boy don't make me feel nostalgic. We had one until 2007.,I would love these thing about continuing. So make you content and also c64 and Morty's spelling most,me off. You are the iron curtain was still have fun of this game ha clash of course. What safe websites can play the usefulness of rubbish,no more Evening that had their density drops,I got it! The father is a cross dresser. \J,A Creepypasta Rituals,"I'm look at the exposes a much more gaming headset on it, and your videos are friendle in an example.",Game could either way too easily. Especially if this trailer thanks,fuckingn. &nbsp; Even if I knew it was a trap I'd still put it,The Canadian navy has 10 of these they use to guard the Arctic,A black hole with the energy of a company.,In the episode was manion to say this is not a simple of the same would happen but not on the best ad,I'm barely literate when adding micro transactions to do a fucking job oculus!,reallycanoes erupt.,lmao THERES the hook..,B??,I.. I just don't make a quicked it in a game? What amazing amazing turn in the title back in this vid,"So basically generating massive open world lol. 14 + TOUCH HEY WHAT THE SWITCH! Give your talking in exchange for adding more pokemon, the Camera you're still able to do a human's impression when you try this.",because no means the most threatening in the game but the devs gave human mains a Lol muffins!?!,This was my childhood. I watched this every time I went to my grandmother's house SD card slut..,"y tal. Espero no haber ofendido a nadie, solo queria compartir lo que siento acerca de este album. Igual, lo sigo escuchando desde que salio. True Feeling, Boys on Girls y Call Me Home son algunas de mis favoritas. Que tengan un super dia.",I love her music video,i love for a very boring drivel from indonesia,"THIS SONG! The rhythm is so addictive, this make my day",This was so funny! Not very scary but a good idea,F*K IS THIS VIDEO NOT AVAILABLE IN MY COUNTRY???*,"I Dont, I almost like for your heart his a close to your song I listen to it, you're dead will be har","Yelle, you did we come together","War, Peter Parker, with the help of his way in his mentor Tony Stark, tries to balance his life as an Side note: did anybody notice the running time of this video? 4:20! Ha!",Sound is roadkilled,W* >14k views &nbsp; Why is this trending?,I really love the feel ourselve.,Literally liked that i like The opening and composing her few hours. 16/10,Bad Things True Blodd's theme but go metal or hard Rock on that cover. Also I think you would do amazing with Corpse Bride- Remains Of The i'm getting high on this song,"Whoa, #16 on trending",O K you're so pretty dodie < 33,I missed us.....,I dont need more You gon' need a long for the name is just tell someone compared to the choreo left me is so many songs is something he's a knife?,was great as eldo heard this song,I really liked this video. I really disliked this video.,H.R.3999. YouTube has some informative videos on that as well. &nbsp; God bless and keep America strong.,Is rid of The Decides. I'm already to get this liability and they will be a cause the media some peop,What the democratic country were in the Kingdom. You really distasteful,just mace like antifa and it's not our 3:24 You cant tell me Krayzie Bone didnt sound like Takeoff and Eazy E sounded like Quavo,this is a close second. The words have such meaning and are so relateable. Cant wait to see you at the Hammersmith Apollo in March&nbsp;,H.R.I.P Vegas,It's better about it doesn't know what they give sales so she still all in trumps again. That haters&nbsp;,"Yeah. We are the other heads of the veteran, our veteran IT #TRUTH",YAHHH YAHHH YAHHH YAHHH YAHHH YAHHH YAHHH YAHHH ALL MY FRIENDS ARE DEAD PUSH ME TO MY EDGE YAHH -LIL UZI,this nigga highkey high af,I heard that this has something to do with your supposed profession.,I feel a new problem is some of weeks.,YouTube,"Dhar, I often often Honestly it'll be the first to say that climate change is a real issue. I'm from Oregon and in the past few months our state has had nearly a month's worth of 90+ temperatures, some of the most devastating and Omg that was upsetting to watch","If I was a girl, I would flash him at his stand up shows.","s like his high school friend who died during the war, my sympathies with a nice own and bankrupted themselves. I love to slice him up slowly. Max pain. Mother fucking pedophile.",It could have a fuck about like you talking about how this brace speech in anything that other weaker,"Just wait and did anything to kill, unless you given a earthquake can tell about it. Its like white and our wall....",DhS PUEDE PASAR A TODOS. BESOS Y ME UNO A SU DOLOR.... Que Jehov los acompae y les de fuerzas para soportar. Y si So you're saying that tax breaks don't also help the middle class? The group that pays the most in taxes and could benefit the most from a tax-cut?
Generated,Generated,Generated,Generated,Real,Real,Real,Generated,Generated,Generated,Real,Generated,Generated,Generated,Generated,Real,Generated,Generated,Generated,Generated,Real,Real,Generated,Generated,Generated,Real,Generated,Generated,Generated,Generated,Real,Generated,Generated,Generated,Generated,Real,Real,Generated,Generated,Generated,Generated,Generated,Real,Generated,Real,Real,Real,Generated,Generated,Real,Real,Real,Generated,Generated,Generated,Real,Real,Real,Generated,Real,Generated,Real,Generated,Generated,Generated,Real,Generated,Generated,Generated,Real,Real,Real,Generated,Generated,Generated,Real,Generated,Generated,Generated,Generated
Real,Generated,Generated,Generated,Real,Real,Real,Generated,Generated,Generated,Real,Generated,Generated,Generated,Real,Real,Generated,Generated,Real,Generated,Real,Generated,Generated,Generated,Generated,Real,Real,Generated,Generated,Real,Real,Real,Generated,Generated,Generated,Real,Real,Generated,Generated,Generated,Real,Generated,Real,Generated,Real,Real,Real,Generated,Generated,Real,Generated,Real,Generated,Generated,Real,Real,Generated,Real,Generated,Generated,Generated,Real,Generated,Generated,Generated,Real,Real,Generated,Generated,Real,Real,Real,Generated,Real,Real,Real,Generated,Generated,Generated,Generated
Generated,Real,Generated,Generated,Real,Real,Real,Generated,Generated,Generated,Real,Real,Generated,Real,Generated,Real,Generated,Generated,Real,Real,Real,Generated,Generated,Generated,Real,Real,Generated,Generated,Real,Real,Real,Real,Generated,Real,Generated,Real,Generated,Generated,Real,Generated,Generated,Generated,Real,Generated,Real,Real,Real,Real,Generated,Real,Real,Generated,Generated,Real,Real,Real,Real,Real,Generated,Generated,Real,Real,Real,Generated,Generated,Real,Real,Generated,Real,Real,Real,Real,Generated,Generated,Real,Real,Real,Real,Generated,Real
Real,Generated,Generated,Real,Generated,Real,Generated,Generated,Real,Generated,Real,Generated,Real,Real,Generated,Real,Generated,Real,Generated,Generated,Real,Real,Generated,Real,Generated,Real,Real,Generated,Real,Real,Real,Generated,Generated,Real,Generated,Real,Generated,Generated,Real,Real,Real,Real,Real,Generated,Real,Real,Real,Generated,Real,Real,Generated,Real,Generated,Real,Real,Generated,Real,Real,Real,Generated,Generated,Real,Real,Real,Real,Generated,Generated,Real,Generated,Generated,Real,Generated,Real,Real,Generated,Generated,Real,Generated,Real,Real
Real,Real,Generated,Generated,Real,Real,Generated,Generated,Generated,Real,Real,Generated,Real,Generated,Real,Real,Real,Generated,Real,Generated,Real,Generated,Generated,Generated,Generated,Real,Real,Generated,Generated,Real,Real,Real,Generated,Real,Generated,Real,Real,Generated,Generated,Real,Real,Real,Real,Real,Real,Real,Real,Generated,Generated,Generated,Real,Real,Generated,Real,Real,Real,Real,Real,Generated,Generated,Real,Real,Generated,Generated,Real,Real,Real,Generated,Real,Real,Real,Real,Generated,Real,Generated,Real,Generated,Generated,Generated,Generated
Generated,Generated,Generated,Generated,Generated,Real,Generated,Generated,Generated,Generated,Real,Generated,Generated,Generated,Real,Real,Real,Generated,Real,Generated,Real,Real,Generated,Generated,Generated,Real,Real,Generated,Generated,Real,Real,Generated,Generated,Real,Generated,Real,Real,Generated,Real,Real,Real,Generated,Real,Generated,Real,Real,Real,Generated,Generated,Generated,Real,Real,Generated,Generated,Real,Real,Real,Real,Generated,Generated,Generated,Real,Generated,Generated,Generated,Real,Generated,Real,Real,Real,Real,Real,Generated,Generated,Real,Real,Generated,Generated,Generated,Real
Generated,Real,Real,Real,Real,Real,Real,Real,Real,Real,Real,Generated,Real,Real,Real,Real,Real,Real,Real,Generated,Real,Generated,Generated,Generated,Generated,Real,Real,Generated,Generated,Real,Real,Real,Generated,Real,Real,Real,Real,Real,Generated,Real,Real,Real,Real,Real,Real,Real,Real,Real,Real,Real,Real,Real,Real,Generated,Real,Real,Real,Real,Real,Real,Real,Real,Real,Real,Real,Real,Real,Generated,Real,Real,Real,Real,Real,Real,Real,Real,Generated,Real,Real,Generated
Generated,Real,Generated,Generated,Generated,Real,Real,Generated,Generated,Generated,Real,Generated,Generated,Generated,Generated,Real,Generated,Generated,Generated,Generated,Real,Generated,Generated,Generated,Generated,Generated,Generated,Generated,Generated,Generated,Real,Generated,Generated,Real,Generated,Generated,Generated,Real,Generated,Generated,Generated,Real,Real,Generated,Real,Real,Real,Generated,Generated,Generated,Generated,Generated,Generated,Generated,Generated,Real,Real,Generated,Generated,Generated,Generated,Real,Generated,Generated,Generated,Generated,Generated,Generated,Generated,Generated,Real,Real,Real,Generated,Real,Real,Generated,Generated,Generated,Generated
Generated,Generated,Generated,Generated,Real,Real,Real,Generated,Generated,Generated,Real,Generated,Generated,Real,Generated,Generated,Real,Generated,Real,Real,Real,Generated,Generated,Generated,Generated,Generated,Real,Generated,Generated,Generated,Real,Generated,Generated,Generated,Generated,Real,Real,Generated,Real,Generated,Generated,Real,Generated,Generated,Generated,Real,Generated,Generated,Generated,Real,Generated,Real,Generated,Real,Real,Real,Real,Real,Generated,Generated,Real,Real,Generated,Generated,Generated,Real,Generated,Generated,Real,Generated,Generated,Generated,Generated,Real,Real,Generated,Real,Generated,Generated,Real
